model,storage,ram,screen_size,camera_mp,battery_mah,release_year,condition,screen_broken,camera_ok,battery_health,warranty_months,price
iPhone 15 Pro Max,128,8,6.7,48,4441,2023,4,0,1,0.77,1,27214.0
iPhone 15 Pro Max,256,8,6.7,48,4441,2023,5,0,0,0.81,21,38097.0
iPhone 15 Pro Max,128,8,6.7,48,4441,2023,3,1,1,0.67,15,19358.0
iPhone 15 Pro Max,256,8,6.7,48,4441,2023,4,1,1,0.83,7,23398.0
iPhone 15 Pro Max,256,8,6.7,48,4441,2023,3,0,0,0.81,0,23835.0
iPhone 15 Pro Max,256,8,6.7,48,4441,2023,3,0,0,0.99,3,25650.0
iPhone 15 Pro Max,128,8,6.7,48,4441,2023,4,1,1,0.64,20,21124.0
iPhone 15 Pro Max,256,8,6.7,48,4441,2023,4,0,1,0.68,3,32457.0
iPhone 15 Pro Max,256,8,6.7,48,4441,2023,4,0,1,0.75,9,35333.0
iPhone 15 Pro Max,512,8,6.7,48,4441,2023,3,0,1,0.89,2,40847.0
iPhone 15 Pro Max,128,8,6.7,48,4441,2023,3,0,1,0.92,7,26712.0
iPhone 15 Pro Max,512,8,6.7,48,4441,2023,2,0,1,0.64,20,35792.0
iPhone 15 Pro Max,256,8,6.7,48,4441,2023,5,0,0,0.98,24,39112.0
iPhone 15 Pro Max,512,8,6.7,48,4441,2023,2,0,1,0.92,7,32568.0
iPhone 15 Pro Max,256,8,6.7,48,4441,2023,3,0,1,0.9,9,31604.0
iPhone 15 Pro Max,256,8,6.7,48,4441,2023,2,1,1,0.69,11,18165.0
iPhone 15 Pro Max,128,8,6.7,48,4441,2023,5,0,1,0.85,4,31342.0
iPhone 15 Pro Max,256,8,6.7,48,4441,2023,1,0,0,0.89,0,14979.0
iPhone 15 Pro Max,256,8,6.7,48,4441,2023,3,0,0,0.74,20,27538.0
iPhone 15 Pro Max,256,8,6.7,48,4441,2023,2,1,1,0.79,21,20282.0
iPhone 15 Pro Max,1024,8,6.7,48,4441,2023,3,0,1,0.79,4,45844.0
iPhone 15 Pro Max,128,8,6.7,48,4441,2023,2,0,1,0.98,8,23707.0
iPhone 15 Pro Max,256,8,6.7,48,4441,2023,1,0,1,0.99,11,21895.0
iPhone 15 Pro Max,512,8,6.7,48,4441,2023,2,0,1,0.63,12,31059.0
iPhone 15 Pro Max,512,8,6.7,48,4441,2023,1,0,1,0.61,10,25218.0
iPhone 15 Pro Max,256,8,6.7,48,4441,2023,4,1,1,0.64,16,25750.0
iPhone 15 Pro Max,256,8,6.7,48,4441,2023,4,0,1,0.72,4,33226.0
iPhone 15 Pro Max,512,8,6.7,48,4441,2023,5,0,1,0.83,21,54179.0
iPhone 15 Pro Max,128,8,6.7,48,4441,2023,1,0,1,0.69,13,17347.0
iPhone 15 Pro Max,256,8,6.7,48,4441,2023,3,1,1,0.73,20,23098.0
iPhone 15 Pro Max,256,8,6.7,48,4441,2023,3,0,1,0.98,22,35584.0
iPhone 15 Pro Max,512,8,6.7,48,4441,2023,3,1,1,0.7,11,29314.0
iPhone 15 Pro Max,1024,8,6.7,48,4441,2023,5,1,1,0.84,14,45566.0
iPhone 15 Pro Max,128,8,6.7,48,4441,2023,1,0,1,0.98,6,17479.0
iPhone 15 Pro Max,256,8,6.7,48,4441,2023,3,1,1,0.65,14,21703.0
iPhone 15 Pro Max,256,8,6.7,48,4441,2023,5,0,0,0.74,15,35657.0
iPhone 15 Pro Max,1024,8,6.7,48,4441,2023,4,0,1,0.98,3,56248.0
iPhone 15 Pro Max,256,8,6.7,48,4441,2023,1,1,1,0.97,14,14605.0
iPhone 15 Pro Max,128,8,6.7,48,4441,2023,5,0,1,0.65,20,33563.0
iPhone 15 Pro Max,512,8,6.7,48,4441,2023,2,0,1,0.68,9,32200.0
iPhone 15 Pro Max,256,8,6.7,48,4441,2023,1,1,1,0.62,5,13053.0
iPhone 15 Pro Max,256,8,6.7,48,4441,2023,4,0,1,0.99,3,35957.0
iPhone 15 Pro Max,256,8,6.7,48,4441,2023,2,0,1,0.71,17,26095.0
iPhone 15 Pro Max,512,8,6.7,48,4441,2023,5,0,1,0.98,2,51118.0
iPhone 15 Pro Max,256,8,6.7,48,4441,2023,3,0,1,0.75,18,34168.0
iPhone 15 Pro Max,128,8,6.7,48,4441,2023,2,0,0,0.83,20,21206.0
iPhone 15 Pro Max,256,8,6.7,48,4441,2023,4,0,1,0.9,10,37265.0
iPhone 15 Pro Max,1024,8,6.7,48,4441,2023,3,0,1,0.81,17,55430.0
iPhone 15 Pro Max,256,8,6.7,48,4441,2023,5,0,1,0.78,10,40097.0
iPhone 15 Pro Max,512,8,6.7,48,4441,2023,1,1,0,0.85,3,13854.0
iPhone 15 Pro,256,8,6.1,48,3274,2023,5,1,1,0.61,24,24252.0
iPhone 15 Pro,256,8,6.1,48,3274,2023,5,0,1,0.8,7,31562.0
iPhone 15 Pro,512,8,6.1,48,3274,2023,1,1,1,0.8,23,16105.0
iPhone 15 Pro,512,8,6.1,48,3274,2023,3,0,1,0.65,3,30192.0
iPhone 15 Pro,256,8,6.1,48,3274,2023,1,1,1,0.76,14,12068.0
iPhone 15 Pro,256,8,6.1,48,3274,2023,3,0,1,0.62,11,23500.0
iPhone 15 Pro,512,8,6.1,48,3274,2023,1,0,0,0.99,19,21431.0
iPhone 15 Pro,128,8,6.1,48,3274,2023,1,1,1,0.66,17,9491.0
iPhone 15 Pro,256,8,6.1,48,3274,2023,3,0,1,0.86,17,26809.0
iPhone 15 Pro,512,8,6.1,48,3274,2023,5,0,1,0.94,3,42295.0
iPhone 15 Pro,1024,8,6.1,48,3274,2023,5,0,0,0.63,19,45719.0
iPhone 15 Pro,256,8,6.1,48,3274,2023,1,1,1,0.87,23,12400.0
iPhone 15 Pro,512,8,6.1,48,3274,2023,2,0,0,0.6,12,21410.0
iPhone 15 Pro,256,8,6.1,48,3274,2023,3,0,1,0.72,15,26086.0
iPhone 15 Pro,256,8,6.1,48,3274,2023,2,0,1,0.78,0,19455.0
iPhone 15 Pro,256,8,6.1,48,3274,2023,3,0,1,0.88,11,25939.0
iPhone 15 Pro,128,8,6.1,48,3274,2023,1,1,1,1.0,11,10752.0
iPhone 15 Pro,512,8,6.1,48,3274,2023,5,0,1,0.89,9,43122.0
iPhone 15 Pro,128,8,6.1,48,3274,2023,2,0,1,0.99,19,21549.0
iPhone 15 Pro,512,8,6.1,48,3274,2023,3,0,1,0.83,9,33486.0
iPhone 15 Pro,256,8,6.1,48,3274,2023,4,0,1,0.95,22,32339.0
iPhone 15 Pro,256,8,6.1,48,3274,2023,3,0,1,0.86,12,26946.0
iPhone 15 Pro,512,8,6.1,48,3274,2023,5,0,1,1.0,3,40735.0
iPhone 15 Pro,512,8,6.1,48,3274,2023,1,0,1,0.61,2,18617.0
iPhone 15 Pro,256,8,6.1,48,3274,2023,5,0,1,0.62,7,28827.0
iPhone 15 Pro,256,8,6.1,48,3274,2023,2,0,0,0.69,15,17922.0
iPhone 15 Pro,256,8,6.1,48,3274,2023,3,0,1,0.69,17,25630.0
iPhone 15 Pro,1024,8,6.1,48,3274,2023,2,1,1,0.62,3,21275.0
iPhone 15 Pro,128,8,6.1,48,3274,2023,1,0,1,0.93,20,15765.0
iPhone 15 Pro,256,8,6.1,48,3274,2023,5,1,1,0.7,9,21765.0
iPhone 15 Pro,512,8,6.1,48,3274,2023,5,0,1,0.82,4,41445.0
iPhone 15 Pro,512,8,6.1,48,3274,2023,3,0,1,0.68,19,34421.0
iPhone 15 Pro,128,8,6.1,48,3274,2023,1,0,1,0.71,22,14585.0
iPhone 15 Pro,256,8,6.1,48,3274,2023,2,1,1,0.68,18,14766.0
iPhone 15 Pro,256,8,6.1,48,3274,2023,3,1,1,0.96,19,20344.0
iPhone 15 Pro,256,8,6.1,48,3274,2023,1,1,1,0.81,13,11853.0
iPhone 15 Pro,1024,8,6.1,48,3274,2023,5,0,1,0.86,4,50546.0
iPhone 15 Pro,256,8,6.1,48,3274,2023,4,0,0,0.96,12,26205.0
iPhone 15 Pro,256,8,6.1,48,3274,2023,2,0,0,0.67,16,18100.0
iPhone 15 Pro,256,8,6.1,48,3274,2023,4,0,1,0.76,11,29009.0
iPhone 15 Pro,256,8,6.1,48,3274,2023,1,0,1,0.63,5,14199.0
iPhone 15 Pro,256,8,6.1,48,3274,2023,4,0,1,0.84,16,32359.0
iPhone 15 Pro,512,8,6.1,48,3274,2023,5,0,1,0.77,19,46683.0
iPhone 15 Pro,128,8,6.1,48,3274,2023,1,1,1,0.8,7,9204.0
iPhone 15 Pro,128,8,6.1,48,3274,2023,5,0,1,0.87,3,25541.0
iPhone 15 Pro,256,8,6.1,48,3274,2023,4,1,1,0.88,6,19528.0
iPhone 15 Pro,256,8,6.1,48,3274,2023,5,0,1,0.7,7,29805.0
iPhone 15 Pro,256,8,6.1,48,3274,2023,4,0,1,0.7,1,26521.0
iPhone 15 Pro,1024,8,6.1,48,3274,2023,1,0,1,0.73,12,26898.0
iPhone 15 Pro,512,8,6.1,48,3274,2023,2,0,1,0.88,8,26831.0
iPhone 15 Plus,256,6,6.7,48,4383,2023,4,0,1,0.84,16,26652.0
iPhone 15 Plus,256,6,6.7,48,4383,2023,5,0,0,0.94,6,24690.0
iPhone 15 Plus,256,6,6.7,48,4383,2023,4,0,1,0.87,4,24395.0
iPhone 15 Plus,256,6,6.7,48,4383,2023,2,0,1,0.93,9,19592.0
iPhone 15 Plus,512,6,6.7,48,4383,2023,2,0,1,0.7,15,23861.0
iPhone 15 Plus,256,6,6.7,48,4383,2023,5,0,1,0.65,22,29290.0
iPhone 15 Plus,512,6,6.7,48,4383,2023,2,0,1,0.62,12,23338.0
iPhone 15 Plus,128,6,6.7,48,4383,2023,3,0,0,0.78,18,17570.0
iPhone 15 Plus,256,6,6.7,48,4383,2023,2,0,0,0.61,11,14425.0
iPhone 15 Plus,128,6,6.7,48,4383,2023,5,1,1,0.97,18,19138.0
iPhone 15 Plus,512,6,6.7,48,4383,2023,4,0,1,0.91,11,35499.0
iPhone 15 Plus,256,6,6.7,48,4383,2023,3,0,0,0.86,0,18581.0
iPhone 15 Plus,128,6,6.7,48,4383,2023,1,0,1,0.97,13,13396.0
iPhone 15 Plus,256,6,6.7,48,4383,2023,3,0,1,0.89,23,26400.0
iPhone 15 Plus,256,6,6.7,48,4383,2023,4,0,1,0.96,21,30688.0
iPhone 15 Plus,512,6,6.7,48,4383,2023,5,0,1,0.68,6,34214.0
iPhone 15 Plus,512,6,6.7,48,4383,2023,1,1,1,0.76,0,11864.0
iPhone 15 Plus,256,6,6.7,48,4383,2023,5,1,1,0.81,15,20246.0
iPhone 15 Plus,1024,6,6.7,48,4383,2023,1,0,1,0.63,2,20812.0
iPhone 15 Plus,512,6,6.7,48,4383,2023,5,1,1,0.9,12,27712.0
iPhone 15 Plus,128,6,6.7,48,4383,2023,3,1,1,0.83,23,15710.0
iPhone 15 Plus,256,6,6.7,48,4383,2023,5,0,0,0.79,6,24064.0
iPhone 15 Plus,256,6,6.7,48,4383,2023,5,1,1,0.69,14,21093.0
iPhone 15 Plus,256,6,6.7,48,4383,2023,5,1,1,1.0,23,24498.0
iPhone 15 Plus,256,6,6.7,48,4383,2023,1,0,0,0.65,4,10880.0
iPhone 15 Plus,512,6,6.7,48,4383,2023,5,1,1,0.9,1,25062.0
iPhone 15 Plus,128,6,6.7,48,4383,2023,4,0,1,0.71,2,19103.0
iPhone 15 Plus,256,6,6.7,48,4383,2023,1,0,1,0.99,5,14273.0
iPhone 15 Plus,256,6,6.7,48,4383,2023,3,0,1,0.68,24,25575.0
iPhone 15 Plus,256,6,6.7,48,4383,2023,3,0,1,0.8,10,23193.0
iPhone 15 Plus,256,6,6.7,48,4383,2023,2,1,1,0.89,23,14445.0
iPhone 15 Plus,128,6,6.7,48,4383,2023,3,0,0,0.88,0,15151.0
iPhone 15 Plus,256,6,6.7,48,4383,2023,4,0,1,0.79,1,22741.0
iPhone 15 Plus,256,6,6.7,48,4383,2023,5,1,1,0.93,0,19914.0
iPhone 15 Plus,256,6,6.7,48,4383,2023,2,0,1,0.61,5,17711.0
iPhone 15 Plus,256,6,6.7,48,4383,2023,4,0,1,0.69,21,28048.0
iPhone 15 Plus,256,6,6.7,48,4383,2023,1,0,1,0.63,10,14100.0
iPhone 15 Plus,256,6,6.7,48,4383,2023,3,0,0,0.77,9,18434.0
iPhone 15 Plus,512,6,6.7,48,4383,2023,4,0,1,0.69,3,29641.0
iPhone 15 Plus,128,6,6.7,48,4383,2023,3,0,1,0.86,19,20860.0
iPhone 15 Plus,256,6,6.7,48,4383,2023,5,0,1,0.98,22,34968.0
iPhone 15 Plus,1024,6,6.7,48,4383,2023,3,0,1,0.89,9,39360.0
iPhone 15 Plus,128,6,6.7,48,4383,2023,1,0,1,0.99,5,12982.0
iPhone 15 Plus,512,6,6.7,48,4383,2023,1,1,1,0.72,22,14281.0
iPhone 15 Plus,512,6,6.7,48,4383,2023,5,0,1,0.92,19,40608.0
iPhone 15 Plus,256,6,6.7,48,4383,2023,1,0,1,0.98,19,16800.0
iPhone 15 Plus,256,6,6.7,48,4383,2023,1,0,1,0.64,17,15313.0
iPhone 15 Plus,512,6,6.7,48,4383,2023,4,0,0,0.76,10,28219.0
iPhone 15 Plus,512,6,6.7,48,4383,2023,2,0,1,0.79,2,22037.0
iPhone 15 Plus,256,6,6.7,48,4383,2023,4,0,0,0.81,7,21381.0
iPhone 15,128,6,6.1,48,3349,2023,4,0,1,0.92,5,19778.0
iPhone 15,256,6,6.1,48,3349,2023,3,0,1,0.81,17,23543.0
iPhone 15,128,6,6.1,48,3349,2023,4,0,0,1.0,2,17618.0
iPhone 15,128,6,6.1,48,3349,2023,1,1,1,0.63,11,7244.0
iPhone 15,256,6,6.1,48,3349,2023,1,0,1,0.77,19,14208.0
iPhone 15,256,6,6.1,48,3349,2023,1,0,0,0.76,1,10260.0
iPhone 15,1024,6,6.1,48,3349,2023,3,1,1,0.92,5,23217.0
iPhone 15,512,6,6.1,48,3349,2023,3,0,1,0.96,22,32676.0
iPhone 15,256,6,6.1,48,3349,2023,2,0,1,0.79,10,16961.0
iPhone 15,128,6,6.1,48,3349,2023,5,1,1,0.96,6,15802.0
iPhone 15,128,6,6.1,48,3349,2023,4,1,1,0.75,6,12727.0
iPhone 15,128,6,6.1,48,3349,2023,1,0,0,0.84,18,9965.0
iPhone 15,512,6,6.1,48,3349,2023,3,0,1,0.91,18,30384.0
iPhone 15,128,6,6.1,48,3349,2023,5,0,1,0.67,16,22120.0
iPhone 15,256,6,6.1,48,3349,2023,1,1,1,0.79,14,9223.0
iPhone 15,512,6,6.1,48,3349,2023,1,0,0,0.83,22,16047.0
iPhone 15,256,6,6.1,48,3349,2023,3,0,0,0.61,6,16168.0
iPhone 15,128,6,6.1,48,3349,2023,5,1,0,0.95,2,12601.0
iPhone 15,512,6,6.1,48,3349,2023,5,0,1,0.99,12,37891.0
iPhone 15,256,6,6.1,48,3349,2023,5,0,1,0.91,3,24578.0
iPhone 15,256,6,6.1,48,3349,2023,4,0,1,0.99,15,26610.0
iPhone 15,256,6,6.1,48,3349,2023,1,0,0,0.76,12,11684.0
iPhone 15,256,6,6.1,48,3349,2023,4,1,0,0.8,21,16168.0
iPhone 15,256,6,6.1,48,3349,2023,5,0,1,0.77,19,28176.0
iPhone 15,256,6,6.1,48,3349,2023,4,1,1,0.91,7,15931.0
iPhone 15,256,6,6.1,48,3349,2023,3,0,1,0.65,4,19666.0
iPhone 15,256,6,6.1,48,3349,2023,4,0,1,0.67,23,26581.0
iPhone 15,512,6,6.1,48,3349,2023,4,0,1,0.87,16,33731.0
iPhone 15,512,6,6.1,48,3349,2023,4,0,1,0.91,22,36705.0
iPhone 15,256,6,6.1,48,3349,2023,4,0,1,0.98,14,27169.0
iPhone 15,256,6,6.1,48,3349,2023,4,1,1,0.91,15,17641.0
iPhone 15,256,6,6.1,48,3349,2023,3,1,1,0.72,7,14026.0
iPhone 15,128,6,6.1,48,3349,2023,3,0,1,0.81,20,19707.0
iPhone 15,256,6,6.1,48,3349,2023,1,0,0,0.7,12,11451.0
iPhone 15,512,6,6.1,48,3349,2023,1,1,1,0.82,16,13306.0
iPhone 15,256,6,6.1,48,3349,2023,3,1,1,0.98,10,15720.0
iPhone 15,128,6,6.1,48,3349,2023,5,0,0,0.9,1,17515.0
iPhone 15,256,6,6.1,48,3349,2023,2,0,1,0.96,11,17220.0
iPhone 15,256,6,6.1,48,3349,2023,3,0,1,0.63,22,22630.0
iPhone 15,512,6,6.1,48,3349,2023,1,0,1,0.63,18,17274.0
iPhone 15,256,6,6.1,48,3349,2023,5,0,1,0.67,7,23862.0
iPhone 15,256,6,6.1,48,3349,2023,3,0,1,0.92,12,21348.0
iPhone 15,256,6,6.1,48,3349,2023,3,0,1,0.92,18,23707.0
iPhone 15,128,6,6.1,48,3349,2023,3,0,1,0.63,1,14782.0
iPhone 15,512,6,6.1,48,3349,2023,5,1,1,0.73,0,20682.0
iPhone 15,1024,6,6.1,48,3349,2023,5,0,0,0.6,8,32740.0
iPhone 15,256,6,6.1,48,3349,2023,2,1,1,0.96,19,13933.0
iPhone 15,128,6,6.1,48,3349,2023,1,0,1,0.69,5,10707.0
iPhone 15,256,6,6.1,48,3349,2023,1,0,1,0.82,16,14285.0
iPhone 15,256,6,6.1,48,3349,2023,4,0,1,0.71,7,22991.0
iPhone 14 Pro Max,256,6,6.7,48,4323,2022,4,0,1,0.69,5,22821.0
iPhone 14 Pro Max,256,6,6.7,48,4323,2022,4,0,1,0.99,19,29437.0
iPhone 14 Pro Max,1024,6,6.7,48,4323,2022,3,1,1,0.81,24,27921.0
iPhone 14 Pro Max,512,6,6.7,48,4323,2022,3,0,1,0.71,7,27636.0
iPhone 14 Pro Max,512,6,6.7,48,4323,2022,1,0,1,0.63,24,18789.0
iPhone 14 Pro Max,256,6,6.7,48,4323,2022,5,0,1,0.88,1,26190.0
iPhone 14 Pro Max,512,6,6.7,48,4323,2022,1,1,1,1.0,22,14768.0
iPhone 14 Pro Max,256,6,6.7,48,4323,2022,3,1,0,0.93,11,13979.0
iPhone 14 Pro Max,256,6,6.7,48,4323,2022,2,0,1,0.64,16,17905.0
iPhone 14 Pro Max,128,6,6.7,48,4323,2022,5,1,1,0.95,10,17130.0
iPhone 14 Pro Max,256,6,6.7,48,4323,2022,5,1,1,0.73,20,21731.0
iPhone 14 Pro Max,256,6,6.7,48,4323,2022,3,1,1,0.65,20,16030.0
iPhone 14 Pro Max,128,6,6.7,48,4323,2022,2,0,1,0.71,19,16026.0
iPhone 14 Pro Max,128,6,6.7,48,4323,2022,2,0,1,0.99,10,16521.0
iPhone 14 Pro Max,256,6,6.7,48,4323,2022,2,1,1,0.8,21,14101.0
iPhone 14 Pro Max,256,6,6.7,48,4323,2022,5,0,1,0.74,24,31657.0
iPhone 14 Pro Max,256,6,6.7,48,4323,2022,5,0,1,0.75,21,31446.0
iPhone 14 Pro Max,512,6,6.7,48,4323,2022,2,0,1,0.8,15,24281.0
iPhone 14 Pro Max,256,6,6.7,48,4323,2022,3,1,0,0.77,20,14927.0
iPhone 14 Pro Max,256,6,6.7,48,4323,2022,3,1,0,0.99,12,13829.0
iPhone 14 Pro Max,512,6,6.7,48,4323,2022,5,0,1,0.93,22,40502.0
iPhone 14 Pro Max,128,6,6.7,48,4323,2022,1,0,1,0.99,6,12109.0
iPhone 14 Pro Max,128,6,6.7,48,4323,2022,1,0,1,0.74,12,12354.0
iPhone 14 Pro Max,256,6,6.7,48,4323,2022,1,0,1,0.85,5,13023.0
iPhone 14 Pro Max,512,6,6.7,48,4323,2022,3,0,1,0.93,21,33255.0
iPhone 14 Pro Max,512,6,6.7,48,4323,2022,4,1,1,0.61,8,22171.0
iPhone 14 Pro Max,256,6,6.7,48,4323,2022,5,0,0,0.87,7,23042.0
iPhone 14 Pro Max,512,6,6.7,48,4323,2022,4,0,1,0.95,17,37437.0
iPhone 14 Pro Max,256,6,6.7,48,4323,2022,2,1,1,0.66,12,12455.0
iPhone 14 Pro Max,512,6,6.7,48,4323,2022,1,0,1,0.75,8,17260.0
iPhone 14 Pro Max,256,6,6.7,48,4323,2022,2,0,1,0.99,22,22254.0
iPhone 14 Pro Max,1024,6,6.7,48,4323,2022,1,0,1,0.61,14,22515.0
iPhone 14 Pro Max,256,6,6.7,48,4323,2022,5,1,1,0.61,23,21650.0
iPhone 14 Pro Max,256,6,6.7,48,4323,2022,3,0,1,0.9,5,21786.0
iPhone 14 Pro Max,256,6,6.7,48,4323,2022,4,0,1,0.98,12,27380.0
iPhone 14 Pro Max,512,6,6.7,48,4323,2022,2,0,1,0.68,5,21362.0
iPhone 14 Pro Max,128,6,6.7,48,4323,2022,5,1,1,0.74,7,15459.0
iPhone 14 Pro Max,256,6,6.7,48,4323,2022,4,0,1,0.9,17,28965.0
iPhone 14 Pro Max,256,6,6.7,48,4323,2022,1,0,1,0.77,11,13746.0
iPhone 14 Pro Max,128,6,6.7,48,4323,2022,3,0,1,0.79,8,18554.0
iPhone 14 Pro Max,512,6,6.7,48,4323,2022,1,1,1,0.75,12,12915.0
iPhone 14 Pro Max,256,6,6.7,48,4323,2022,1,1,1,0.83,0,9286.0
iPhone 14 Pro Max,256,6,6.7,48,4323,2022,2,0,1,0.71,2,16532.0
iPhone 14 Pro Max,128,6,6.7,48,4323,2022,1,0,0,0.64,2,8726.0
iPhone 14 Pro Max,256,6,6.7,48,4323,2022,4,0,1,0.91,2,23928.0
iPhone 14 Pro Max,128,6,6.7,48,4323,2022,4,1,1,0.63,4,13417.0
iPhone 14 Pro Max,512,6,6.7,48,4323,2022,4,0,1,0.82,3,31963.0
iPhone 14 Pro Max,256,6,6.7,48,4323,2022,5,0,1,0.92,5,28381.0
iPhone 14 Pro Max,512,6,6.7,48,4323,2022,5,1,1,0.87,8,24628.0
iPhone 14 Pro Max,256,6,6.7,48,4323,2022,2,1,1,0.8,19,13363.0
iPhone 14 Pro,256,6,6.1,48,3200,2022,4,1,1,0.98,2,14907.0
iPhone 14 Pro,512,6,6.1,48,3200,2022,5,0,1,0.68,4,28668.0
iPhone 14 Pro,256,6,6.1,48,3200,2022,5,0,1,0.98,14,28245.0
iPhone 14 Pro,256,6,6.1,48,3200,2022,3,0,1,0.9,1,18766.0
iPhone 14 Pro,128,6,6.1,48,3200,2022,1,0,1,0.75,24,12232.0
iPhone 14 Pro,256,6,6.1,48,3200,2022,5,0,1,0.81,2,22830.0
iPhone 14 Pro,512,6,6.1,48,3200,2022,3,0,1,0.62,13,26274.0
iPhone 14 Pro,1024,6,6.1,48,3200,2022,4,0,1,0.68,11,34559.0
iPhone 14 Pro,512,6,6.1,48,3200,2022,3,1,1,0.74,14,17943.0
iPhone 14 Pro,512,6,6.1,48,3200,2022,2,1,0,0.84,9,13060.0
iPhone 14 Pro,512,6,6.1,48,3200,2022,4,0,1,0.96,18,31748.0
iPhone 14 Pro,256,6,6.1,48,3200,2022,4,0,1,0.88,12,23723.0
iPhone 14 Pro,256,6,6.1,48,3200,2022,3,0,1,0.79,17,20913.0
iPhone 14 Pro,128,6,6.1,48,3200,2022,2,0,1,0.64,0,11543.0
iPhone 14 Pro,256,6,6.1,48,3200,2022,1,0,1,0.81,1,11120.0
iPhone 14 Pro,512,6,6.1,48,3200,2022,2,0,1,0.81,8,20712.0
iPhone 14 Pro,256,6,6.1,48,3200,2022,2,1,0,0.89,2,9198.0
iPhone 14 Pro,128,6,6.1,48,3200,2022,5,1,1,0.69,8,14326.0
iPhone 14 Pro,256,6,6.1,48,3200,2022,3,0,1,0.76,5,19612.0
iPhone 14 Pro,128,6,6.1,48,3200,2022,2,0,1,0.78,12,14310.0
iPhone 14 Pro,512,6,6.1,48,3200,2022,4,0,1,0.77,1,27108.0
iPhone 14 Pro,512,6,6.1,48,3200,2022,5,1,1,0.95,17,25379.0
iPhone 14 Pro,512,6,6.1,48,3200,2022,4,0,1,0.74,1,25829.0
iPhone 14 Pro,256,6,6.1,48,3200,2022,1,1,1,0.6,18,8567.0
iPhone 14 Pro,128,6,6.1,48,3200,2022,1,0,1,0.69,24,11236.0
iPhone 14 Pro,256,6,6.1,48,3200,2022,2,0,1,0.84,23,18064.0
iPhone 14 Pro,1024,6,6.1,48,3200,2022,4,1,1,0.87,13,25964.0
iPhone 14 Pro,128,6,6.1,48,3200,2022,3,1,1,0.61,20,11867.0
iPhone 14 Pro,1024,6,6.1,48,3200,2022,2,1,0,0.6,23,16611.0
iPhone 14 Pro,256,6,6.1,48,3200,2022,5,0,1,0.66,14,24108.0
iPhone 14 Pro,256,6,6.1,48,3200,2022,1,0,1,0.99,22,14919.0
iPhone 14 Pro,128,6,6.1,48,3200,2022,3,0,1,0.7,12,17394.0
iPhone 14 Pro,256,6,6.1,48,3200,2022,1,0,1,0.8,2,11552.0
iPhone 14 Pro,512,6,6.1,48,3200,2022,4,0,1,0.82,4,27367.0
iPhone 14 Pro,256,6,6.1,48,3200,2022,3,0,1,0.69,18,20882.0
iPhone 14 Pro,512,6,6.1,48,3200,2022,4,1,1,0.73,14,21209.0
iPhone 14 Pro,256,6,6.1,48,3200,2022,5,0,1,0.62,16,25418.0
iPhone 14 Pro,256,6,6.1,48,3200,2022,1,0,1,0.8,12,12215.0
iPhone 14 Pro,256,6,6.1,48,3200,2022,3,1,1,0.66,18,15228.0
iPhone 14 Pro,256,6,6.1,48,3200,2022,3,0,1,0.92,0,18975.0
iPhone 14 Pro,512,6,6.1,48,3200,2022,1,0,1,0.97,14,17696.0
iPhone 14 Pro,512,6,6.1,48,3200,2022,2,0,1,0.7,19,21766.0
iPhone 14 Pro,512,6,6.1,48,3200,2022,2,0,1,0.72,8,21342.0
iPhone 14 Pro,128,6,6.1,48,3200,2022,4,0,1,0.98,24,23618.0
iPhone 14 Pro,256,6,6.1,48,3200,2022,4,0,1,0.89,23,24974.0
iPhone 14 Pro,128,6,6.1,48,3200,2022,4,0,1,0.66,16,19061.0
iPhone 14 Pro,256,6,6.1,48,3200,2022,3,0,0,0.84,24,20060.0
iPhone 14 Pro,256,6,6.1,48,3200,2022,1,0,1,0.85,5,12131.0
iPhone 14 Pro,512,6,6.1,48,3200,2022,2,0,1,0.93,24,24013.0
iPhone 14 Pro,256,6,6.1,48,3200,2022,3,0,0,0.79,17,18560.0
iPhone 14,256,6,6.1,12,3279,2022,4,0,1,0.75,6,16794.0
iPhone 14,512,6,6.1,12,3279,2022,1,1,1,0.65,10,9065.0
iPhone 14,512,6,6.1,12,3279,2022,5,0,0,0.96,20,26707.0
iPhone 14,256,6,6.1,12,3279,2022,3,0,0,0.99,2,12875.0
iPhone 14,512,6,6.1,12,3279,2022,1,1,1,0.73,14,8943.0
iPhone 14,512,6,6.1,12,3279,2022,3,1,1,1.0,21,16749.0
iPhone 14,128,6,6.1,12,3279,2022,1,0,1,0.79,21,9812.0
iPhone 14,1024,6,6.1,12,3279,2022,1,0,1,0.64,8,15233.0
iPhone 14,128,6,6.1,12,3279,2022,2,0,1,0.89,18,11945.0
iPhone 14,256,6,6.1,12,3279,2022,2,0,1,0.97,18,14510.0
iPhone 14,128,6,6.1,12,3279,2022,2,1,1,0.65,1,6637.0
iPhone 14,512,6,6.1,12,3279,2022,5,0,1,0.89,23,29599.0
iPhone 14,256,6,6.1,12,3279,2022,5,1,1,0.85,6,13904.0
iPhone 14,256,6,6.1,12,3279,2022,1,0,1,0.72,1,9363.0
iPhone 14,512,6,6.1,12,3279,2022,2,1,1,0.81,4,10925.0
iPhone 14,256,6,6.1,12,3279,2022,1,0,1,0.63,22,10519.0
iPhone 14,512,6,6.1,12,3279,2022,5,1,1,0.72,3,16824.0
iPhone 14,256,6,6.1,12,3279,2022,1,1,1,0.64,22,7454.0
iPhone 14,256,6,6.1,12,3279,2022,3,0,1,0.72,15,15896.0
iPhone 14,256,6,6.1,12,3279,2022,5,1,1,0.81,18,14617.0
iPhone 14,256,6,6.1,12,3279,2022,4,0,1,0.75,23,20711.0
iPhone 14,512,6,6.1,12,3279,2022,4,0,1,0.82,5,22023.0
iPhone 14,256,6,6.1,12,3279,2022,3,1,0,0.73,0,8580.0
iPhone 14,256,6,6.1,12,3279,2022,4,0,1,0.87,16,19259.0
iPhone 14,256,6,6.1,12,3279,2022,5,0,1,0.65,10,19342.0
iPhone 14,128,6,6.1,12,3279,2022,4,0,1,0.66,11,15395.0
iPhone 14,256,6,6.1,12,3279,2022,4,1,1,0.77,16,12818.0
iPhone 14,128,6,6.1,12,3279,2022,5,0,0,0.66,22,15553.0
iPhone 14,1024,6,6.1,12,3279,2022,1,1,1,0.69,5,10119.0
iPhone 14,128,6,6.1,12,3279,2022,4,0,1,0.63,16,14808.0
iPhone 14,128,6,6.1,12,3279,2022,4,0,1,0.63,21,15712.0
iPhone 14,256,6,6.1,12,3279,2022,5,0,1,0.95,22,23761.0
iPhone 14,512,6,6.1,12,3279,2022,3,1,1,0.68,14,14657.0
iPhone 14,1024,6,6.1,12,3279,2022,1,1,1,0.91,7,11840.0
iPhone 14,256,6,6.1,12,3279,2022,1,1,1,0.71,0,6070.0
iPhone 14,1024,6,6.1,12,3279,2022,3,1,1,0.79,20,19654.0
iPhone 14,256,6,6.1,12,3279,2022,2,1,1,0.86,19,10062.0
iPhone 14,256,6,6.1,12,3279,2022,1,0,1,0.85,8,9735.0
iPhone 14,512,6,6.1,12,3279,2022,3,0,1,0.93,9,20804.0
iPhone 14,512,6,6.1,12,3279,2022,5,0,1,0.78,21,28059.0
iPhone 14,256,6,6.1,12,3279,2022,2,0,0,0.65,1,10019.0
iPhone 14,128,6,6.1,12,3279,2022,1,1,1,0.99,4,5768.0
iPhone 14,256,6,6.1,12,3279,2022,5,1,1,0.95,16,15046.0
iPhone 14,256,6,6.1,12,3279,2022,1,0,1,0.86,9,10612.0
iPhone 14,256,6,6.1,12,3279,2022,4,0,1,0.62,22,18277.0
iPhone 14,128,6,6.1,12,3279,2022,2,0,0,0.95,21,11065.0
iPhone 14,256,6,6.1,12,3279,2022,2,1,1,0.71,4,8548.0
iPhone 14,256,6,6.1,12,3279,2022,5,1,1,0.94,9,14914.0
iPhone 14,256,6,6.1,12,3279,2022,3,0,1,0.7,16,17093.0
iPhone 14,1024,6,6.1,12,3279,2022,3,1,1,0.78,22,20097.0
iPhone 13 Pro Max,256,6,6.7,12,4352,2021,5,0,1,0.88,8,20436.0
iPhone 13 Pro Max,512,6,6.7,12,4352,2021,4,0,1,0.87,17,26102.0
iPhone 13 Pro Max,1024,6,6.7,12,4352,2021,5,1,1,1.0,8,24827.0
iPhone 13 Pro Max,256,6,6.7,12,4352,2021,5,0,1,0.62,12,20102.0
iPhone 13 Pro Max,256,6,6.7,12,4352,2021,4,0,1,0.7,2,16704.0
iPhone 13 Pro Max,128,6,6.7,12,4352,2021,2,0,1,0.96,4,10941.0
iPhone 13 Pro Max,512,6,6.7,12,4352,2021,2,1,1,0.95,23,14120.0
iPhone 13 Pro Max,256,6,6.7,12,4352,2021,5,0,1,0.99,9,23085.0
iPhone 13 Pro Max,256,6,6.7,12,4352,2021,4,1,1,0.95,0,12829.0
iPhone 13 Pro Max,256,6,6.7,12,4352,2021,3,0,1,0.86,13,18142.0
iPhone 13 Pro Max,256,6,6.7,12,4352,2021,4,0,1,0.89,12,18797.0
iPhone 13 Pro Max,256,6,6.7,12,4352,2021,5,1,1,0.66,5,13794.0
iPhone 13 Pro Max,128,6,6.7,12,4352,2021,2,0,1,0.63,8,10452.0
iPhone 13 Pro Max,256,6,6.7,12,4352,2021,1,0,1,0.98,10,11339.0
iPhone 13 Pro Max,1024,6,6.7,12,4352,2021,2,0,1,0.96,13,22961.0
iPhone 13 Pro Max,256,6,6.7,12,4352,2021,3,1,1,0.65,3,10222.0
iPhone 13 Pro Max,128,6,6.7,12,4352,2021,3,1,1,0.97,24,11489.0
iPhone 13 Pro Max,128,6,6.7,12,4352,2021,1,0,1,0.97,17,10004.0
iPhone 13 Pro Max,256,6,6.7,12,4352,2021,4,0,1,0.76,13,19934.0
iPhone 13 Pro Max,128,6,6.7,12,4352,2021,3,0,1,0.84,2,13073.0
iPhone 13 Pro Max,128,6,6.7,12,4352,2021,1,0,1,0.67,3,7844.0
iPhone 13 Pro Max,128,6,6.7,12,4352,2021,3,0,1,0.95,2,14315.0
iPhone 13 Pro Max,256,6,6.7,12,4352,2021,5,0,1,0.9,5,19964.0
iPhone 13 Pro Max,512,6,6.7,12,4352,2021,3,0,0,0.93,4,18164.0
iPhone 13 Pro Max,256,6,6.7,12,4352,2021,5,0,0,0.79,18,19562.0
iPhone 13 Pro Max,128,6,6.7,12,4352,2021,2,1,1,0.9,3,7802.0
iPhone 13 Pro Max,128,6,6.7,12,4352,2021,2,1,1,0.63,3,6981.0
iPhone 13 Pro Max,256,6,6.7,12,4352,2021,5,1,1,0.77,3,13595.0
iPhone 13 Pro Max,256,6,6.7,12,4352,2021,5,0,1,0.99,19,23618.0
iPhone 13 Pro Max,256,6,6.7,12,4352,2021,3,1,1,0.93,9,11663.0
iPhone 13 Pro Max,128,6,6.7,12,4352,2021,2,0,0,0.73,13,9403.0
iPhone 13 Pro Max,256,6,6.7,12,4352,2021,1,0,1,1.0,17,12390.0
iPhone 13 Pro Max,256,6,6.7,12,4352,2021,3,0,0,0.75,7,14051.0
iPhone 13 Pro Max,128,6,6.7,12,4352,2021,3,0,1,0.8,20,15402.0
iPhone 13 Pro Max,1024,6,6.7,12,4352,2021,4,0,1,0.65,10,29083.0
iPhone 13 Pro Max,256,6,6.7,12,4352,2021,3,1,1,0.81,21,12492.0
iPhone 13 Pro Max,256,6,6.7,12,4352,2021,2,0,1,0.68,20,14038.0
iPhone 13 Pro Max,512,6,6.7,12,4352,2021,3,1,1,0.61,6,14324.0
iPhone 13 Pro Max,256,6,6.7,12,4352,2021,5,1,1,0.77,11,14429.0
iPhone 13 Pro Max,128,6,6.7,12,4352,2021,5,0,1,0.68,19,19328.0
iPhone 13 Pro Max,512,6,6.7,12,4352,2021,3,0,1,0.64,8,20251.0
iPhone 13 Pro Max,256,6,6.7,12,4352,2021,5,1,1,0.86,16,15500.0
iPhone 13 Pro Max,128,6,6.7,12,4352,2021,5,0,1,0.79,17,18144.0
iPhone 13 Pro Max,512,6,6.7,12,4352,2021,5,0,1,0.92,23,30139.0
iPhone 13 Pro Max,128,6,6.7,12,4352,2021,3,0,1,0.78,14,14841.0
iPhone 13 Pro Max,128,6,6.7,12,4352,2021,5,1,1,0.67,5,11374.0
iPhone 13 Pro Max,256,6,6.7,12,4352,2021,1,0,1,0.7,22,11763.0
iPhone 13 Pro Max,512,6,6.7,12,4352,2021,1,0,1,0.72,13,14103.0
iPhone 13 Pro Max,128,6,6.7,12,4352,2021,4,0,1,0.98,22,19528.0
iPhone 13 Pro Max,256,6,6.7,12,4352,2021,3,0,1,0.74,8,16834.0
iPhone 13 Pro,256,6,6.1,12,3095,2021,1,0,1,0.61,3,8367.0
iPhone 13 Pro,256,6,6.1,12,3095,2021,1,0,1,0.61,7,8253.0
iPhone 13 Pro,256,6,6.1,12,3095,2021,4,0,1,0.93,1,16574.0
iPhone 13 Pro,256,6,6.1,12,3095,2021,4,0,0,0.85,0,13248.0
iPhone 13 Pro,128,6,6.1,12,3095,2021,2,1,1,0.97,20,8087.0
iPhone 13 Pro,256,6,6.1,12,3095,2021,5,1,1,0.94,14,14507.0
iPhone 13 Pro,256,6,6.1,12,3095,2021,4,0,1,0.96,24,20713.0
iPhone 13 Pro,128,6,6.1,12,3095,2021,4,1,1,0.97,5,10189.0
iPhone 13 Pro,256,6,6.1,12,3095,2021,1,0,1,0.91,0,8975.0
iPhone 13 Pro,512,6,6.1,12,3095,2021,3,1,1,0.76,19,13862.0
iPhone 13 Pro,256,6,6.1,12,3095,2021,3,0,1,0.94,13,15410.0
iPhone 13 Pro,256,6,6.1,12,3095,2021,5,0,1,0.69,6,17762.0
iPhone 13 Pro,256,6,6.1,12,3095,2021,5,0,1,0.77,6,17408.0
iPhone 13 Pro,512,6,6.1,12,3095,2021,3,0,1,0.66,10,19106.0
iPhone 13 Pro,256,6,6.1,12,3095,2021,1,0,1,0.66,0,8209.0
iPhone 13 Pro,128,6,6.1,12,3095,2021,3,1,1,0.83,17,9446.0
iPhone 13 Pro,256,6,6.1,12,3095,2021,2,1,0,0.95,1,6889.0
iPhone 13 Pro,256,6,6.1,12,3095,2021,4,0,1,0.87,21,18659.0
iPhone 13 Pro,256,6,6.1,12,3095,2021,4,1,1,0.94,19,13220.0
iPhone 13 Pro,256,6,6.1,12,3095,2021,2,0,1,0.75,11,11570.0
iPhone 13 Pro,512,6,6.1,12,3095,2021,4,0,1,0.71,8,21632.0
iPhone 13 Pro,128,6,6.1,12,3095,2021,4,0,1,0.63,22,15473.0
iPhone 13 Pro,128,6,6.1,12,3095,2021,2,0,0,0.91,1,8303.0
iPhone 13 Pro,256,6,6.1,12,3095,2021,4,0,1,0.97,22,19818.0
iPhone 13 Pro,256,6,6.1,12,3095,2021,5,1,0,0.63,7,10651.0
iPhone 13 Pro,128,6,6.1,12,3095,2021,3,1,0,0.79,12,7333.0
iPhone 13 Pro,512,6,6.1,12,3095,2021,4,1,1,0.62,9,14484.0
iPhone 13 Pro,128,6,6.1,12,3095,2021,4,1,0,0.89,22,9701.0
iPhone 13 Pro,256,6,6.1,12,3095,2021,2,0,1,0.98,22,14059.0
iPhone 13 Pro,128,6,6.1,12,3095,2021,3,1,1,0.82,5,8738.0
iPhone 13 Pro,1024,6,6.1,12,3095,2021,5,0,1,0.62,11,29531.0
iPhone 13 Pro,128,6,6.1,12,3095,2021,3,1,1,0.72,8,8255.0
iPhone 13 Pro,512,6,6.1,12,3095,2021,1,1,1,0.61,18,8981.0
iPhone 13 Pro,1024,6,6.1,12,3095,2021,5,1,0,0.98,12,18348.0
iPhone 13 Pro,128,6,6.1,12,3095,2021,2,0,1,0.94,18,11306.0
iPhone 13 Pro,256,6,6.1,12,3095,2021,4,1,1,0.72,16,12438.0
iPhone 13 Pro,1024,6,6.1,12,3095,2021,5,1,1,0.81,6,21021.0
iPhone 13 Pro,512,6,6.1,12,3095,2021,4,0,1,0.7,16,21499.0
iPhone 13 Pro,128,6,6.1,12,3095,2021,4,0,1,0.76,4,12898.0
iPhone 13 Pro,256,6,6.1,12,3095,2021,3,0,1,0.97,12,15419.0
iPhone 13 Pro,512,6,6.1,12,3095,2021,5,0,1,0.84,19,27144.0
iPhone 13 Pro,128,6,6.1,12,3095,2021,1,0,1,0.95,6,7644.0
iPhone 13 Pro,256,6,6.1,12,3095,2021,2,0,1,0.85,4,11764.0
iPhone 13 Pro,256,6,6.1,12,3095,2021,1,0,1,0.9,4,9214.0
iPhone 13 Pro,128,6,6.1,12,3095,2021,3,1,1,0.75,5,8728.0
iPhone 13 Pro,1024,6,6.1,12,3095,2021,1,0,1,0.76,15,15643.0
iPhone 13 Pro,512,6,6.1,12,3095,2021,3,1,1,0.63,24,13841.0
iPhone 13 Pro,128,6,6.1,12,3095,2021,2,0,1,0.8,22,10934.0
iPhone 13 Pro,256,6,6.1,12,3095,2021,1,1,1,0.61,12,6132.0
iPhone 13 Pro,1024,6,6.1,12,3095,2021,5,0,1,0.96,22,34894.0
iPhone 13,128,4,6.1,12,3240,2021,1,0,0,0.98,13,5776.0
iPhone 13,128,4,6.1,12,3240,2021,2,0,1,0.68,15,8413.0
iPhone 13,256,4,6.1,12,3240,2021,1,0,1,0.66,15,7409.0
iPhone 13,128,4,6.1,12,3240,2021,5,0,0,0.88,8,10271.0
iPhone 13,256,4,6.1,12,3240,2021,5,0,1,0.78,12,15013.0
iPhone 13,256,4,6.1,12,3240,2021,5,0,1,0.67,18,15517.0
iPhone 13,256,4,6.1,12,3240,2021,2,0,1,0.96,6,9524.0
iPhone 13,128,4,6.1,12,3240,2021,3,0,1,0.87,0,9081.0
iPhone 13,256,4,6.1,12,3240,2021,4,0,1,0.94,14,13830.0
iPhone 13,512,4,6.1,12,3240,2021,5,0,1,0.88,24,21527.0
iPhone 13,256,4,6.1,12,3240,2021,3,0,1,0.77,12,12426.0
iPhone 13,128,4,6.1,12,3240,2021,3,0,1,0.82,7,10119.0
iPhone 13,512,4,6.1,12,3240,2021,4,0,1,0.69,16,17702.0
iPhone 13,256,4,6.1,12,3240,2021,5,0,1,0.79,5,13520.0
iPhone 13,256,4,6.1,12,3240,2021,5,0,1,0.96,3,14824.0
iPhone 13,128,4,6.1,12,3240,2021,5,1,1,0.69,16,8727.0
iPhone 13,512,4,6.1,12,3240,2021,1,1,0,0.66,16,5580.0
iPhone 13,128,4,6.1,12,3240,2021,5,1,1,0.85,23,10072.0
iPhone 13,256,4,6.1,12,3240,2021,5,1,1,0.75,5,9937.0
iPhone 13,256,4,6.1,12,3240,2021,3,0,1,0.76,19,12491.0
iPhone 13,128,4,6.1,12,3240,2021,5,0,1,0.79,22,13875.0
iPhone 13,512,4,6.1,12,3240,2021,3,0,1,0.63,4,13336.0
iPhone 13,512,4,6.1,12,3240,2021,5,0,1,0.93,0,17242.0
iPhone 13,512,4,6.1,12,3240,2021,5,0,1,0.89,6,19528.0
iPhone 13,128,4,6.1,12,3240,2021,5,0,1,0.76,6,11894.0
iPhone 13,128,4,6.1,12,3240,2021,3,0,1,0.82,12,10622.0
iPhone 13,512,4,6.1,12,3240,2021,4,0,1,0.99,17,19173.0
iPhone 13,256,4,6.1,12,3240,2021,3,0,1,0.89,16,12768.0
iPhone 13,256,4,6.1,12,3240,2021,1,0,1,0.77,10,7020.0
iPhone 13,256,4,6.1,12,3240,2021,2,0,1,0.71,5,8785.0
iPhone 13,256,4,6.1,12,3240,2021,2,0,1,0.73,11,9787.0
iPhone 13,256,4,6.1,12,3240,2021,2,0,1,0.65,11,9317.0
iPhone 13,256,4,6.1,12,3240,2021,3,0,1,0.84,4,11273.0
iPhone 13,1024,4,6.1,12,3240,2021,5,0,0,0.62,20,19739.0
iPhone 13,256,4,6.1,12,3240,2021,2,0,1,0.78,22,10417.0
iPhone 13,128,4,6.1,12,3240,2021,3,0,1,0.95,16,11149.0
iPhone 13,256,4,6.1,12,3240,2021,3,0,1,0.77,11,11547.0
iPhone 13,512,4,6.1,12,3240,2021,5,0,1,0.78,9,18203.0
iPhone 13,128,4,6.1,12,3240,2021,5,0,1,0.66,5,11731.0
iPhone 13,512,4,6.1,12,3240,2021,1,0,0,0.97,14,8452.0
iPhone 13,512,4,6.1,12,3240,2021,3,0,1,0.83,15,16009.0
iPhone 13,256,4,6.1,12,3240,2021,2,1,1,0.87,11,6966.0
iPhone 13,256,4,6.1,12,3240,2021,5,0,0,0.76,4,11991.0
iPhone 13,128,4,6.1,12,3240,2021,1,0,1,0.82,5,6310.0
iPhone 13,256,4,6.1,12,3240,2021,5,0,1,0.75,3,12986.0
iPhone 13,128,4,6.1,12,3240,2021,4,0,1,0.93,1,10900.0
iPhone 13,512,4,6.1,12,3240,2021,2,0,1,0.98,17,13749.0
iPhone 13,512,4,6.1,12,3240,2021,4,0,1,0.97,1,17335.0
iPhone 13,512,4,6.1,12,3240,2021,3,1,1,0.8,19,11946.0
iPhone 13,256,4,6.1,12,3240,2021,5,1,0,0.66,3,7966.0
iPhone 12 Pro Max,256,6,6.7,12,3687,2020,1,0,1,0.66,9,6660.0
iPhone 12 Pro Max,256,6,6.7,12,3687,2020,2,0,1,0.62,13,9127.0
iPhone 12 Pro Max,256,6,6.7,12,3687,2020,4,0,1,0.86,13,12929.0
iPhone 12 Pro Max,256,6,6.7,12,3687,2020,2,0,1,0.67,12,8727.0
iPhone 12 Pro Max,256,6,6.7,12,3687,2020,5,0,1,0.83,11,13850.0
iPhone 12 Pro Max,256,6,6.7,12,3687,2020,4,0,1,0.78,23,14440.0
iPhone 12 Pro Max,512,6,6.7,12,3687,2020,3,0,1,0.77,16,15493.0
iPhone 12 Pro Max,512,6,6.7,12,3687,2020,2,0,1,0.96,18,13786.0
iPhone 12 Pro Max,128,6,6.7,12,3687,2020,3,1,1,0.91,19,7621.0
iPhone 12 Pro Max,256,6,6.7,12,3687,2020,3,0,1,0.74,22,12006.0
iPhone 12 Pro Max,256,6,6.7,12,3687,2020,3,0,1,0.87,20,12476.0
iPhone 12 Pro Max,256,6,6.7,12,3687,2020,3,0,1,0.75,5,10974.0
iPhone 12 Pro Max,512,6,6.7,12,3687,2020,4,0,0,0.74,8,13249.0
iPhone 12 Pro Max,128,6,6.7,12,3687,2020,4,0,1,0.98,6,11277.0
iPhone 12 Pro Max,512,6,6.7,12,3687,2020,4,0,1,0.82,14,17283.0
iPhone 12 Pro Max,512,6,6.7,12,3687,2020,3,1,1,0.73,12,10095.0
iPhone 12 Pro Max,256,6,6.7,12,3687,2020,2,0,0,0.91,22,8571.0
iPhone 12 Pro Max,512,6,6.7,12,3687,2020,4,0,1,0.84,6,15451.0
iPhone 12 Pro Max,256,6,6.7,12,3687,2020,1,0,1,0.98,20,8027.0
iPhone 12 Pro Max,512,6,6.7,12,3687,2020,1,0,1,0.61,9,8069.0
iPhone 12 Pro Max,128,6,6.7,12,3687,2020,3,0,0,0.88,9,7986.0
iPhone 12 Pro Max,256,6,6.7,12,3687,2020,1,0,1,0.92,19,7990.0
iPhone 12 Pro Max,128,6,6.7,12,3687,2020,3,0,1,0.99,8,9635.0
iPhone 12 Pro Max,256,6,6.7,12,3687,2020,1,1,1,0.78,20,5143.0
iPhone 12 Pro Max,512,6,6.7,12,3687,2020,3,1,1,0.66,10,10095.0
iPhone 12 Pro Max,1024,6,6.7,12,3687,2020,3,0,1,0.94,20,21446.0
iPhone 12 Pro Max,256,6,6.7,12,3687,2020,2,1,1,0.77,11,6253.0
iPhone 12 Pro Max,256,6,6.7,12,3687,2020,3,0,1,0.78,8,10545.0
iPhone 12 Pro Max,128,6,6.7,12,3687,2020,4,0,1,0.88,6,10603.0
iPhone 12 Pro Max,256,6,6.7,12,3687,2020,1,0,1,0.85,2,6736.0
iPhone 12 Pro Max,512,6,6.7,12,3687,2020,3,0,1,0.99,0,14014.0
iPhone 12 Pro Max,256,6,6.7,12,3687,2020,5,1,1,0.79,11,9661.0
iPhone 12 Pro Max,1024,6,6.7,12,3687,2020,5,0,1,0.66,21,22524.0
iPhone 12 Pro Max,256,6,6.7,12,3687,2020,3,0,1,0.62,9,10881.0
iPhone 12 Pro Max,256,6,6.7,12,3687,2020,2,0,1,0.69,0,7642.0
iPhone 12 Pro Max,512,6,6.7,12,3687,2020,5,1,1,0.94,20,14843.0
iPhone 12 Pro Max,512,6,6.7,12,3687,2020,5,1,1,0.91,9,12924.0
iPhone 12 Pro Max,512,6,6.7,12,3687,2020,4,0,1,0.94,13,17830.0
iPhone 12 Pro Max,256,6,6.7,12,3687,2020,4,1,1,0.89,7,8544.0
iPhone 12 Pro Max,256,6,6.7,12,3687,2020,2,0,1,0.99,14,10007.0
iPhone 12 Pro Max,512,6,6.7,12,3687,2020,1,0,1,0.72,22,10335.0
iPhone 12 Pro Max,512,6,6.7,12,3687,2020,1,0,1,0.76,21,9539.0
iPhone 12 Pro Max,128,6,6.7,12,3687,2020,3,1,1,0.84,3,6541.0
iPhone 12 Pro Max,128,6,6.7,12,3687,2020,5,0,1,0.74,0,10236.0
iPhone 12 Pro Max,256,6,6.7,12,3687,2020,2,0,1,0.7,4,8460.0
iPhone 12 Pro Max,128,6,6.7,12,3687,2020,2,0,1,0.9,23,9020.0
iPhone 12 Pro Max,512,6,6.7,12,3687,2020,1,0,1,0.77,20,10237.0
iPhone 12 Pro Max,512,6,6.7,12,3687,2020,5,0,1,0.82,6,17792.0
iPhone 12 Pro Max,128,6,6.7,12,3687,2020,4,1,1,0.67,17,7764.0
iPhone 12 Pro Max,256,6,6.7,12,3687,2020,4,0,1,0.93,19,13704.0
iPhone 12 Pro,256,6,6.1,12,2815,2020,3,0,0,0.71,12,9521.0
iPhone 12 Pro,256,6,6.1,12,2815,2020,3,1,1,0.71,15,8292.0
iPhone 12 Pro,1024,6,6.1,12,2815,2020,1,0,1,0.97,21,12433.0
iPhone 12 Pro,256,6,6.1,12,2815,2020,4,0,1,0.64,0,11298.0
iPhone 12 Pro,128,6,6.1,12,2815,2020,4,0,1,0.99,17,12180.0
iPhone 12 Pro,512,6,6.1,12,2815,2020,3,1,1,0.76,6,10191.0
iPhone 12 Pro,256,6,6.1,12,2815,2020,1,1,1,0.9,17,5348.0
iPhone 12 Pro,256,6,6.1,12,2815,2020,3,1,1,0.65,11,7510.0
iPhone 12 Pro,128,6,6.1,12,2815,2020,2,1,1,0.87,12,5526.0
iPhone 12 Pro,256,6,6.1,12,2815,2020,1,0,1,0.75,17,7147.0
iPhone 12 Pro,256,6,6.1,12,2815,2020,5,0,1,0.8,18,14571.0
iPhone 12 Pro,256,6,6.1,12,2815,2020,1,1,1,0.84,21,5634.0
iPhone 12 Pro,512,6,6.1,12,2815,2020,1,1,1,0.68,23,6565.0
iPhone 12 Pro,256,6,6.1,12,2815,2020,2,0,0,0.68,3,6878.0
iPhone 12 Pro,256,6,6.1,12,2815,2020,1,0,1,0.9,5,6831.0
iPhone 12 Pro,512,6,6.1,12,2815,2020,2,1,1,0.95,14,8836.0
iPhone 12 Pro,128,6,6.1,12,2815,2020,1,0,1,0.91,16,6698.0
iPhone 12 Pro,512,6,6.1,12,2815,2020,3,0,1,0.68,20,14950.0
iPhone 12 Pro,512,6,6.1,12,2815,2020,3,0,1,0.88,15,15040.0
iPhone 12 Pro,128,6,6.1,12,2815,2020,2,0,0,0.87,22,7555.0
iPhone 12 Pro,128,6,6.1,12,2815,2020,5,0,1,0.92,1,11667.0
iPhone 12 Pro,1024,6,6.1,12,2815,2020,4,0,0,0.69,12,16167.0
iPhone 12 Pro,256,6,6.1,12,2815,2020,3,0,1,0.63,23,12400.0
iPhone 12 Pro,512,6,6.1,12,2815,2020,2,0,0,0.62,13,9840.0
iPhone 12 Pro,128,6,6.1,12,2815,2020,4,0,1,0.74,23,11607.0
iPhone 12 Pro,256,6,6.1,12,2815,2020,4,0,0,0.8,9,10923.0
iPhone 12 Pro,1024,6,6.1,12,2815,2020,4,0,0,0.68,4,15086.0
iPhone 12 Pro,256,6,6.1,12,2815,2020,2,0,1,0.82,8,8859.0
iPhone 12 Pro,256,6,6.1,12,2815,2020,3,0,1,0.75,11,11368.0
iPhone 12 Pro,1024,6,6.1,12,2815,2020,3,1,1,0.85,0,11373.0
iPhone 12 Pro,128,6,6.1,12,2815,2020,1,1,0,0.87,10,3765.0
iPhone 12 Pro,128,6,6.1,12,2815,2020,1,0,1,0.66,2,5165.0
iPhone 12 Pro,128,6,6.1,12,2815,2020,3,0,1,0.72,24,10372.0
iPhone 12 Pro,256,6,6.1,12,2815,2020,4,0,1,0.62,5,10844.0
iPhone 12 Pro,512,6,6.1,12,2815,2020,3,0,1,0.81,5,14284.0
iPhone 12 Pro,128,6,6.1,12,2815,2020,4,0,1,0.67,8,10344.0
iPhone 12 Pro,512,6,6.1,12,2815,2020,2,1,0,0.79,0,6353.0
iPhone 12 Pro,512,6,6.1,12,2815,2020,4,0,1,0.66,7,15416.0
iPhone 12 Pro,512,6,6.1,12,2815,2020,2,1,1,0.8,16,8727.0
iPhone 12 Pro,256,6,6.1,12,2815,2020,2,0,1,0.85,19,9814.0
iPhone 12 Pro,512,6,6.1,12,2815,2020,2,0,1,0.81,16,12138.0
iPhone 12 Pro,256,6,6.1,12,2815,2020,5,0,1,0.92,23,16404.0
iPhone 12 Pro,256,6,6.1,12,2815,2020,4,0,1,0.91,19,13848.0
iPhone 12 Pro,512,6,6.1,12,2815,2020,1,0,1,0.6,9,8373.0
iPhone 12 Pro,256,6,6.1,12,2815,2020,3,0,1,0.91,15,12242.0
iPhone 12 Pro,256,6,6.1,12,2815,2020,2,0,1,0.69,9,8748.0
iPhone 12 Pro,256,6,6.1,12,2815,2020,2,0,1,0.84,13,9331.0
iPhone 12 Pro,256,6,6.1,12,2815,2020,2,1,1,0.74,9,5975.0
iPhone 12 Pro,256,6,6.1,12,2815,2020,5,1,1,0.76,6,9475.0
iPhone 12 Pro,256,6,6.1,12,2815,2020,2,0,1,0.95,1,9016.0
iPhone 12,256,4,6.1,12,2815,2020,2,0,1,0.86,5,6687.0
iPhone 12,128,4,6.1,12,2815,2020,4,0,0,0.72,1,6309.0
iPhone 12,256,4,6.1,12,2815,2020,4,1,1,0.89,11,7154.0
iPhone 12,512,4,6.1,12,2815,2020,3,1,1,0.92,10,8408.0
iPhone 12,256,4,6.1,12,2815,2020,2,0,1,0.68,12,7352.0
iPhone 12,128,4,6.1,12,2815,2020,2,1,1,0.71,19,4528.0
iPhone 12,256,4,6.1,12,2815,2020,2,0,1,0.76,24,8398.0
iPhone 12,256,4,6.1,12,2815,2020,2,0,1,0.64,0,5971.0
iPhone 12,256,4,6.1,12,2815,2020,2,0,1,0.89,1,6838.0
iPhone 12,256,4,6.1,12,2815,2020,2,1,1,0.74,1,4637.0
iPhone 12,1024,4,6.1,12,2815,2020,3,0,1,0.75,16,15392.0
iPhone 12,128,4,6.1,12,2815,2020,2,1,1,0.63,12,4065.0
iPhone 12,256,4,6.1,12,2815,2020,2,0,1,0.83,8,6877.0
iPhone 12,512,4,6.1,12,2815,2020,1,0,0,0.91,8,5981.0
iPhone 12,128,4,6.1,12,2815,2020,4,1,1,0.73,23,6314.0
iPhone 12,256,4,6.1,12,2815,2020,5,0,1,0.87,6,10618.0
iPhone 12,256,4,6.1,12,2815,2020,5,0,1,0.82,18,12200.0
iPhone 12,256,4,6.1,12,2815,2020,3,0,1,0.97,1,8611.0
iPhone 12,128,4,6.1,12,2815,2020,5,0,1,0.83,2,9022.0
iPhone 12,256,4,6.1,12,2815,2020,4,0,1,0.68,21,10455.0
iPhone 12,128,4,6.1,12,2815,2020,2,0,1,0.89,2,6054.0
iPhone 12,256,4,6.1,12,2815,2020,2,0,1,0.82,19,7726.0
iPhone 12,1024,4,6.1,12,2815,2020,4,0,1,0.68,15,15933.0
iPhone 12,256,4,6.1,12,2815,2020,5,1,1,0.62,6,7164.0
iPhone 12,512,4,6.1,12,2815,2020,1,1,0,0.69,4,3877.0
iPhone 12,128,4,6.1,12,2815,2020,3,0,1,0.81,14,8016.0
iPhone 12,256,4,6.1,12,2815,2020,3,0,1,0.89,18,10296.0
iPhone 12,128,4,6.1,12,2815,2020,3,1,1,0.67,10,5173.0
iPhone 12,512,4,6.1,12,2815,2020,4,0,1,0.97,18,14452.0
iPhone 12,512,4,6.1,12,2815,2020,5,0,1,0.65,18,15284.0
iPhone 12,256,4,6.1,12,2815,2020,2,0,1,0.62,23,7745.0
iPhone 12,256,4,6.1,12,2815,2020,2,0,1,0.65,12,6705.0
iPhone 12,512,4,6.1,12,2815,2020,1,1,1,0.9,14,5191.0
iPhone 12,128,4,6.1,12,2815,2020,1,0,1,0.68,21,5159.0
iPhone 12,256,4,6.1,12,2815,2020,1,1,1,0.93,7,3982.0
iPhone 12,512,4,6.1,12,2815,2020,2,1,1,0.73,20,6992.0
iPhone 12,256,4,6.1,12,2815,2020,3,0,0,0.96,16,7969.0
iPhone 12,256,4,6.1,12,2815,2020,3,0,0,0.79,15,7736.0
iPhone 12,512,4,6.1,12,2815,2020,3,0,1,0.76,22,12353.0
iPhone 12,512,4,6.1,12,2815,2020,1,1,1,0.7,20,5493.0
iPhone 12,512,4,6.1,12,2815,2020,1,0,1,0.69,19,7307.0
iPhone 12,128,4,6.1,12,2815,2020,4,0,1,0.77,5,8181.0
iPhone 12,128,4,6.1,12,2815,2020,5,0,1,0.65,18,9189.0
iPhone 12,512,4,6.1,12,2815,2020,1,0,1,0.79,18,8073.0
iPhone 12,256,4,6.1,12,2815,2020,5,0,0,0.84,8,9799.0
iPhone 12,256,4,6.1,12,2815,2020,5,0,1,0.79,8,11073.0
iPhone 12,256,4,6.1,12,2815,2020,1,0,1,0.9,8,5856.0
iPhone 12,128,4,6.1,12,2815,2020,2,1,1,0.93,17,4752.0
iPhone 12,1024,4,6.1,12,2815,2020,1,0,1,0.82,11,8881.0
iPhone 12,256,4,6.1,12,2815,2020,1,1,1,0.82,21,4375.0
iPhone 11 Pro Max,512,4,6.5,12,3969,2019,5,1,1,0.83,4,9555.0
iPhone 11 Pro Max,256,4,6.5,12,3969,2019,4,0,1,0.61,4,8992.0
iPhone 11 Pro Max,256,4,6.5,12,3969,2019,1,0,1,0.68,6,5404.0
iPhone 11 Pro Max,256,4,6.5,12,3969,2019,1,1,1,0.7,14,3786.0
iPhone 11 Pro Max,256,4,6.5,12,3969,2019,4,0,0,0.61,16,8495.0
iPhone 11 Pro Max,512,4,6.5,12,3969,2019,1,0,1,0.69,8,6772.0
iPhone 11 Pro Max,128,4,6.5,12,3969,2019,2,0,0,0.76,22,5445.0
iPhone 11 Pro Max,512,4,6.5,12,3969,2019,3,0,1,0.67,2,10052.0
iPhone 11 Pro Max,128,4,6.5,12,3969,2019,1,0,0,0.93,2,4065.0
iPhone 11 Pro Max,256,4,6.5,12,3969,2019,4,0,1,0.67,3,9307.0
iPhone 11 Pro Max,256,4,6.5,12,3969,2019,4,0,1,0.89,24,11513.0
iPhone 11 Pro Max,256,4,6.5,12,3969,2019,3,0,1,0.92,14,9791.0
iPhone 11 Pro Max,1024,4,6.5,12,3969,2019,2,0,1,0.92,22,13640.0
iPhone 11 Pro Max,512,4,6.5,12,3969,2019,1,1,1,0.78,15,5196.0
iPhone 11 Pro Max,128,4,6.5,12,3969,2019,1,0,1,0.87,8,4698.0
iPhone 11 Pro Max,256,4,6.5,12,3969,2019,4,1,1,0.8,8,6849.0
iPhone 11 Pro Max,512,4,6.5,12,3969,2019,1,0,1,0.63,24,7629.0
iPhone 11 Pro Max,256,4,6.5,12,3969,2019,2,0,1,0.8,9,7115.0
iPhone 11 Pro Max,256,4,6.5,12,3969,2019,2,0,1,0.75,11,7380.0
iPhone 11 Pro Max,128,4,6.5,12,3969,2019,4,0,1,0.86,6,8632.0
iPhone 11 Pro Max,256,4,6.5,12,3969,2019,2,1,1,0.7,9,4709.0
iPhone 11 Pro Max,256,4,6.5,12,3969,2019,3,0,1,0.61,14,8472.0
iPhone 11 Pro Max,512,4,6.5,12,3969,2019,5,0,0,0.81,7,12485.0
iPhone 11 Pro Max,1024,4,6.5,12,3969,2019,4,0,1,0.9,10,16069.0
iPhone 11 Pro Max,256,4,6.5,12,3969,2019,4,1,1,0.67,4,6425.0
iPhone 11 Pro Max,128,4,6.5,12,3969,2019,2,0,1,0.62,15,6121.0
iPhone 11 Pro Max,128,4,6.5,12,3969,2019,2,0,1,0.98,1,6182.0
iPhone 11 Pro Max,128,4,6.5,12,3969,2019,5,0,1,0.66,15,9213.0
iPhone 11 Pro Max,1024,4,6.5,12,3969,2019,5,0,0,0.94,11,15381.0
iPhone 11 Pro Max,512,4,6.5,12,3969,2019,3,0,1,0.71,4,10288.0
iPhone 11 Pro Max,256,4,6.5,12,3969,2019,1,1,1,1.0,24,4689.0
iPhone 11 Pro Max,512,4,6.5,12,3969,2019,2,0,1,0.61,1,8073.0
iPhone 11 Pro Max,256,4,6.5,12,3969,2019,3,0,0,0.8,17,8115.0
iPhone 11 Pro Max,256,4,6.5,12,3969,2019,4,0,1,0.93,10,9999.0
iPhone 11 Pro Max,1024,4,6.5,12,3969,2019,5,0,1,0.66,22,19651.0
iPhone 11 Pro Max,512,4,6.5,12,3969,2019,2,1,1,0.89,22,7146.0
iPhone 11 Pro Max,256,4,6.5,12,3969,2019,5,1,1,0.75,17,8179.0
iPhone 11 Pro Max,256,4,6.5,12,3969,2019,4,0,1,0.8,2,9202.0
iPhone 11 Pro Max,256,4,6.5,12,3969,2019,1,1,1,0.63,23,3973.0
iPhone 11 Pro Max,512,4,6.5,12,3969,2019,3,0,0,0.94,2,9555.0
iPhone 11 Pro Max,128,4,6.5,12,3969,2019,4,1,1,0.81,12,6311.0
iPhone 11 Pro Max,512,4,6.5,12,3969,2019,3,1,1,0.67,11,8099.0
iPhone 11 Pro Max,128,4,6.5,12,3969,2019,5,0,1,0.76,7,9015.0
iPhone 11 Pro Max,512,4,6.5,12,3969,2019,4,0,1,0.98,2,13380.0
iPhone 11 Pro Max,512,4,6.5,12,3969,2019,5,0,1,0.88,19,15285.0
iPhone 11 Pro Max,256,4,6.5,12,3969,2019,3,0,1,0.89,4,8574.0
iPhone 11 Pro Max,256,4,6.5,12,3969,2019,4,0,1,0.94,5,10086.0
iPhone 11 Pro Max,512,4,6.5,12,3969,2019,2,0,0,0.82,24,9303.0
iPhone 11 Pro Max,256,4,6.5,12,3969,2019,1,0,1,0.79,13,5879.0
iPhone 11 Pro Max,512,4,6.5,12,3969,2019,2,0,1,0.73,3,8395.0
iPhone 11 Pro,512,4,5.8,12,3046,2019,1,1,1,1.0,0,4998.0
iPhone 11 Pro,128,4,5.8,12,3046,2019,4,1,1,0.64,4,5507.0
iPhone 11 Pro,256,4,5.8,12,3046,2019,1,0,1,0.86,7,5411.0
iPhone 11 Pro,256,4,5.8,12,3046,2019,5,1,1,0.89,17,8599.0
iPhone 11 Pro,256,4,5.8,12,3046,2019,1,0,1,0.81,22,6034.0
iPhone 11 Pro,256,4,5.8,12,3046,2019,4,0,1,0.72,19,10858.0
iPhone 11 Pro,512,4,5.8,12,3046,2019,3,0,1,0.65,20,11996.0
iPhone 11 Pro,256,4,5.8,12,3046,2019,5,0,1,0.79,22,12350.0
iPhone 11 Pro,512,4,5.8,12,3046,2019,3,1,1,0.74,1,7477.0
iPhone 11 Pro,1024,4,5.8,12,3046,2019,2,1,0,0.8,23,8044.0
iPhone 11 Pro,256,4,5.8,12,3046,2019,3,0,1,0.86,3,8642.0
iPhone 11 Pro,1024,4,5.8,12,3046,2019,4,0,1,0.87,7,15152.0
iPhone 11 Pro,256,4,5.8,12,3046,2019,5,1,1,0.98,21,9455.0
iPhone 11 Pro,256,4,5.8,12,3046,2019,4,1,1,0.85,19,7400.0
iPhone 11 Pro,1024,4,5.8,12,3046,2019,1,1,1,0.99,1,6244.0
iPhone 11 Pro,256,4,5.8,12,3046,2019,3,0,1,0.73,21,9830.0
iPhone 11 Pro,128,4,5.8,12,3046,2019,4,1,1,0.91,1,5685.0
iPhone 11 Pro,256,4,5.8,12,3046,2019,5,1,1,0.88,22,9071.0
iPhone 11 Pro,128,4,5.8,12,3046,2019,1,0,1,0.66,20,5142.0
iPhone 11 Pro,128,4,5.8,12,3046,2019,3,1,1,0.88,10,5429.0
iPhone 11 Pro,128,4,5.8,12,3046,2019,5,0,1,0.98,20,10710.0
iPhone 11 Pro,256,4,5.8,12,3046,2019,2,0,1,0.95,2,7163.0
iPhone 11 Pro,256,4,5.8,12,3046,2019,4,0,1,0.9,0,9225.0
iPhone 11 Pro,512,4,5.8,12,3046,2019,2,1,1,0.96,5,6663.0
iPhone 11 Pro,256,4,5.8,12,3046,2019,4,0,1,0.81,14,10178.0
iPhone 11 Pro,128,4,5.8,12,3046,2019,2,1,1,0.64,20,4328.0
iPhone 11 Pro,512,4,5.8,12,3046,2019,5,0,0,0.69,17,12808.0
iPhone 11 Pro,256,4,5.8,12,3046,2019,5,0,1,0.81,23,12894.0
iPhone 11 Pro,256,4,5.8,12,3046,2019,2,0,0,0.71,3,5381.0
iPhone 11 Pro,256,4,5.8,12,3046,2019,2,0,1,0.96,16,8053.0
iPhone 11 Pro,512,4,5.8,12,3046,2019,3,0,1,0.78,2,11149.0
iPhone 11 Pro,256,4,5.8,12,3046,2019,4,1,1,0.94,14,7706.0
iPhone 11 Pro,128,4,5.8,12,3046,2019,4,0,0,0.73,15,7668.0
iPhone 11 Pro,256,4,5.8,12,3046,2019,5,1,0,0.72,13,6342.0
iPhone 11 Pro,512,4,5.8,12,3046,2019,1,0,1,0.78,3,6460.0
iPhone 11 Pro,128,4,5.8,12,3046,2019,2,0,0,0.97,2,5307.0
iPhone 11 Pro,512,4,5.8,12,3046,2019,5,0,1,0.82,20,16569.0
iPhone 11 Pro,512,4,5.8,12,3046,2019,5,0,1,0.87,13,15035.0
iPhone 11 Pro,256,4,5.8,12,3046,2019,1,0,1,0.69,13,5612.0
iPhone 11 Pro,256,4,5.8,12,3046,2019,3,0,1,0.7,6,8496.0
iPhone 11 Pro,128,4,5.8,12,3046,2019,4,0,1,0.81,24,9760.0
iPhone 11 Pro,1024,4,5.8,12,3046,2019,1,0,1,0.86,10,9477.0
iPhone 11 Pro,512,4,5.8,12,3046,2019,5,1,1,0.81,6,9308.0
iPhone 11 Pro,256,4,5.8,12,3046,2019,3,0,1,0.83,14,8974.0
iPhone 11 Pro,512,4,5.8,12,3046,2019,2,1,1,0.65,10,6225.0
iPhone 11 Pro,256,4,5.8,12,3046,2019,2,1,1,0.89,7,5034.0
iPhone 11 Pro,128,4,5.8,12,3046,2019,4,1,1,0.8,2,5574.0
iPhone 11 Pro,256,4,5.8,12,3046,2019,1,1,1,0.87,18,4231.0
iPhone 11 Pro,128,4,5.8,12,3046,2019,3,0,1,0.94,24,9149.0
iPhone 11 Pro,512,4,5.8,12,3046,2019,4,0,0,0.75,3,9857.0
iPhone 11,256,4,6.1,12,3110,2019,3,0,0,0.85,19,5575.0
iPhone 11,256,4,6.1,12,3110,2019,5,1,1,0.86,15,5804.0
iPhone 11,512,4,6.1,12,3110,2019,1,0,1,0.6,9,4887.0
iPhone 11,128,4,6.1,12,3110,2019,2,0,0,0.67,13,3511.0
iPhone 11,256,4,6.1,12,3110,2019,1,1,1,0.86,19,3028.0
iPhone 11,512,4,6.1,12,3110,2019,3,0,0,0.81,5,6736.0
iPhone 11,128,4,6.1,12,3110,2019,4,1,0,0.85,7,3516.0
iPhone 11,256,4,6.1,12,3110,2019,1,0,1,0.81,24,4326.0
iPhone 11,128,4,6.1,12,3110,2019,3,1,1,0.69,3,3439.0
iPhone 11,512,4,6.1,12,3110,2019,4,0,1,0.65,22,9293.0
iPhone 11,1024,4,6.1,12,3110,2019,2,1,1,0.77,24,6499.0
iPhone 11,512,4,6.1,12,3110,2019,4,1,0,0.9,18,6242.0
iPhone 11,512,4,6.1,12,3110,2019,4,0,1,0.61,7,7873.0
iPhone 11,256,4,6.1,12,3110,2019,5,0,1,0.91,23,8955.0
iPhone 11,128,4,6.1,12,3110,2019,4,1,1,0.63,21,4292.0
iPhone 11,128,4,6.1,12,3110,2019,4,1,1,0.64,18,4205.0
iPhone 11,256,4,6.1,12,3110,2019,1,0,1,0.85,3,3731.0
iPhone 11,128,4,6.1,12,3110,2019,5,0,1,0.76,21,7246.0
iPhone 11,512,4,6.1,12,3110,2019,5,0,1,0.77,18,10504.0
iPhone 11,256,4,6.1,12,3110,2019,1,0,1,0.86,11,4034.0
iPhone 11,256,4,6.1,12,3110,2019,3,0,0,0.72,19,5516.0
iPhone 11,512,4,6.1,12,3110,2019,2,0,1,0.71,7,6169.0
iPhone 11,128,4,6.1,12,3110,2019,5,0,1,0.96,2,6395.0
iPhone 11,512,4,6.1,12,3110,2019,3,1,1,0.61,2,5088.0
iPhone 11,512,4,6.1,12,3110,2019,4,0,1,0.76,20,9446.0
iPhone 11,256,4,6.1,12,3110,2019,5,1,1,0.6,1,4632.0
iPhone 11,128,4,6.1,12,3110,2019,1,0,1,0.62,22,3280.0
iPhone 11,256,4,6.1,12,3110,2019,2,1,1,0.85,15,3692.0
iPhone 11,1024,4,6.1,12,3110,2019,1,0,1,0.7,6,5657.0
iPhone 11,128,4,6.1,12,3110,2019,4,0,1,0.84,24,6590.0
iPhone 11,512,4,6.1,12,3110,2019,2,1,1,0.8,20,4983.0
iPhone 11,512,4,6.1,12,3110,2019,3,0,1,0.79,13,8106.0
iPhone 11,256,4,6.1,12,3110,2019,1,0,1,0.98,24,4792.0
iPhone 11,512,4,6.1,12,3110,2019,2,0,1,0.93,9,6428.0
iPhone 11,512,4,6.1,12,3110,2019,4,0,0,0.88,9,7692.0
iPhone 11,256,4,6.1,12,3110,2019,4,0,1,0.73,6,6729.0
iPhone 11,512,4,6.1,12,3110,2019,5,0,1,0.72,8,9674.0
iPhone 11,512,4,6.1,12,3110,2019,1,0,1,0.76,2,4536.0
iPhone 11,512,4,6.1,12,3110,2019,4,1,1,0.93,19,6817.0
iPhone 11,256,4,6.1,12,3110,2019,5,0,1,0.96,10,8267.0
iPhone 11,128,4,6.1,12,3110,2019,5,0,1,0.64,24,6982.0
iPhone 11,512,4,6.1,12,3110,2019,3,1,1,0.75,20,5988.0
iPhone 11,512,4,6.1,12,3110,2019,5,1,0,0.69,6,5807.0
iPhone 11,1024,4,6.1,12,3110,2019,4,0,1,0.68,21,11305.0
iPhone 11,256,4,6.1,12,3110,2019,3,0,1,0.73,13,6097.0
iPhone 11,128,4,6.1,12,3110,2019,5,1,1,0.7,5,4226.0
iPhone 11,512,4,6.1,12,3110,2019,3,0,1,0.62,3,7017.0
iPhone 11,128,4,6.1,12,3110,2019,3,0,1,0.84,24,5778.0
iPhone 11,256,4,6.1,12,3110,2019,3,0,1,0.86,17,6850.0
iPhone 11,256,4,6.1,12,3110,2019,2,0,1,0.79,22,5481.0
